Fecha,TCR 1/,,,,,,,
1/1/2020,7.69884,,,,,,,
2/1/2020,7.6991,,,,,,,
3/1/2020,7.70711,,,,,,,
4/1/2020,7.70711,,,,,,,
5/1/2020,7.70711,,,,,,,Tipo de Cambio: Dólares de EE.UU.
6/1/2020,7.70715,,,,,,,Del 01/01/2020 al 12/06/2024
7/1/2020,7.70704,,,,,,,
8/1/2020,7.71017,,,,,,,
9/1/2020,7.71434,,,,,,,
10/1/2020,7.71362,,,,,,,
11/1/2020,7.71362,,,,,,,
12/1/2020,7.71362,,,,,,,
13/01/2020,7.71043,,,,,,,
14/01/2020,7.70629,,,,,,,
15/01/2020,7.70183,,,,,,,
16/01/2020,7.69695,,,,,,,
17/01/2020,7.69441,,,,,,,
18/01/2020,7.69441,,,,,,,
19/01/2020,7.69441,,,,,,,
20/01/2020,7.69116,,,,,,,
21/01/2020,7.69061,,,,,,,
22/01/2020,7.68817,,,,,,,
23/01/2020,7.68667,,,,,,,
24/01/2020,7.68362,,,,,,,
25/01/2020,7.68362,,,,,,,
26/01/2020,7.68362,,,,,,,
27/01/2020,7.67562,,,,,,,
28/01/2020,7.6779,,,,,,,
29/01/2020,7.67272,,,,,,,
30/01/2020,7.6686,,,,,,,
31/01/2020,7.66401,,,,,,,
1/2/2020,7.66401,,,,,,,
2/2/2020,7.66401,,,,,,,
3/2/2020,7.65827,,,,,,,
4/2/2020,7.65224,,,,,,,
5/2/2020,7.64549,,,,,,,
6/2/2020,7.64626,,,,,,,
7/2/2020,7.64851,,,,,,,
8/2/2020,7.64851,,,,,,,
9/2/2020,7.64851,,,,,,,
10/2/2020,7.64658,,,,,,,
11/2/2020,7.64377,,,,,,,
12/2/2020,7.6412,,,,,,,
13/02/2020,7.63811,,,,,,,
14/02/2020,7.63636,,,,,,,
15/02/2020,7.63636,,,,,,,
16/02/2020,7.63636,,,,,,,
17/02/2020,7.63395,,,,,,,
18/02/2020,7.6391,,,,,,,
19/02/2020,7.63883,,,,,,,
20/02/2020,7.64218,,,,,,,
21/02/2020,7.64393,,,,,,,
22/02/2020,7.64393,,,,,,,
23/02/2020,7.64393,,,,,,,
24/02/2020,7.64319,,,,,,,
25/02/2020,7.64616,,,,,,,
26/02/2020,7.65202,,,,,,,
27/02/2020,7.66928,,,,,,,
28/02/2020,7.67884,,,,,,,
29/02/2020,7.67884,,,,,,,
1/3/2020,7.67884,,,,,,,
2/3/2020,7.68058,,,,,,,
3/3/2020,7.67454,,,,,,,
4/3/2020,7.67279,,,,,,,
5/3/2020,7.67581,,,,,,,
6/3/2020,7.67024,,,,,,,
7/3/2020,7.67024,,,,,,,
8/3/2020,7.67024,,,,,,,
9/3/2020,7.67278,,,,,,,
10/3/2020,7.66555,,,,,,,
11/3/2020,7.66021,,,,,,,
12/3/2020,7.65385,,,,,,,
13/03/2020,7.6504,,,,,,,
14/03/2020,7.6504,,,,,,,
15/03/2020,7.6504,,,,,,,
16/03/2020,7.64678,,,,,,,
17/03/2020,7.64355,,,,,,,
18/03/2020,7.64076,,,,,,,
19/03/2020,7.63643,,,,,,,
20/03/2020,7.64301,,,,,,,
21/03/2020,7.64301,,,,,,,
22/03/2020,7.64301,,,,,,,
23/03/2020,7.67474,,,,,,,
24/03/2020,7.75213,,,,,,,
25/03/2020,7.92793,,,,,,,
26/03/2020,7.79488,,,,,,,
27/03/2020,7.74591,,,,,,,
28/03/2020,7.74591,,,,,,,
29/03/2020,7.74591,,,,,,,
30/03/2020,7.71441,,,,,,,
31/03/2020,7.68467,,,,,,,
1/4/2020,7.69774,,,,,,,
2/4/2020,7.70159,,,,,,,
3/4/2020,7.69881,,,,,,,
4/4/2020,7.69881,,,,,,,
5/4/2020,7.69881,,,,,,,
6/4/2020,7.71629,,,,,,,
7/4/2020,7.70779,,,,,,,
8/4/2020,7.70585,,,,,,,
9/4/2020,7.70585,,,,,,,
10/4/2020,7.70585,,,,,,,
11/4/2020,7.70585,,,,,,,
12/4/2020,7.70585,,,,,,,
13/04/2020,7.70659,,,,,,,
14/04/2020,7.70637,,,,,,,
15/04/2020,7.70748,,,,,,,
16/04/2020,7.70856,,,,,,,
17/04/2020,7.71031,,,,,,,
18/04/2020,7.71031,,,,,,,
19/04/2020,7.71031,,,,,,,
20/04/2020,7.70707,,,,,,,
21/04/2020,7.71047,,,,,,,
22/04/2020,7.71099,,,,,,,
23/04/2020,7.70876,,,,,,,
24/04/2020,7.7121,,,,,,,
25/04/2020,7.7121,,,,,,,
26/04/2020,7.7121,,,,,,,
27/04/2020,7.70435,,,,,,,
28/04/2020,7.70677,,,,,,,
29/04/2020,7.71402,,,,,,,
30/04/2020,7.71244,,,,,,,
1/5/2020,7.71244,,,,,,,
2/5/2020,7.71244,,,,,,,
3/5/2020,7.71244,,,,,,,
4/5/2020,7.70989,,,,,,,
5/5/2020,7.70694,,,,,,,
6/5/2020,7.70552,,,,,,,
7/5/2020,7.70412,,,,,,,
8/5/2020,7.70319,,,,,,,
9/5/2020,7.70319,,,,,,,
10/5/2020,7.70319,,,,,,,
11/5/2020,7.70279,,,,,,,
12/5/2020,7.69601,,,,,,,
13/05/2020,7.69791,,,,,,,
14/05/2020,7.6971,,,,,,,
15/05/2020,7.69932,,,,,,,
16/05/2020,7.69932,,,,,,,
17/05/2020,7.69932,,,,,,,
18/05/2020,7.69932,,,,,,,
19/05/2020,7.69441,,,,,,,
20/05/2020,7.69551,,,,,,,
21/05/2020,7.69287,,,,,,,
22/05/2020,7.69203,,,,,,,
23/05/2020,7.69203,,,,,,,
24/05/2020,7.69203,,,,,,,
25/05/2020,7.69347,,,,,,,
26/05/2020,7.6891,,,,,,,
27/05/2020,7.69216,,,,,,,
28/05/2020,7.69153,,,,,,,
29/05/2020,7.68949,,,,,,,
30/05/2020,7.68949,,,,,,,
31/05/2020,7.68949,,,,,,,
1/6/2020,7.68962,,,,,,,
2/6/2020,7.68596,,,,,,,
3/6/2020,7.68571,,,,,,,
4/6/2020,7.6835,,,,,,,
5/6/2020,7.68541,,,,,,,
6/6/2020,7.68541,,,,,,,
7/6/2020,7.68541,,,,,,,
8/6/2020,7.68829,,,,,,,
9/6/2020,7.68923,,,,,,,
10/6/2020,7.69288,,,,,,,
11/6/2020,7.69563,,,,,,,
12/6/2020,7.70041,,,,,,,
13/06/2020,7.70041,,,,,,,
14/06/2020,7.70041,,,,,,,
15/06/2020,7.70262,,,,,,,
16/06/2020,7.70792,,,,,,,
17/06/2020,7.70464,,,,,,,
18/06/2020,7.70646,,,,,,,
19/06/2020,7.70867,,,,,,,
20/06/2020,7.70867,,,,,,,
21/06/2020,7.70867,,,,,,,
22/06/2020,7.70359,,,,,,,
23/06/2020,7.69889,,,,,,,
24/06/2020,7.7028,,,,,,,
25/06/2020,7.70028,,,,,,,
26/06/2020,7.70026,,,,,,,
27/06/2020,7.70026,,,,,,,
28/06/2020,7.70026,,,,,,,
29/06/2020,7.70026,,,,,,,
30/06/2020,7.70026,,,,,,,
1/7/2020,7.70421,,,,,,,
2/7/2020,7.69911,,,,,,,
3/7/2020,7.70365,,,,,,,
4/7/2020,7.70365,,,,,,,
5/7/2020,7.70365,,,,,,,
6/7/2020,7.70416,,,,,,,
7/7/2020,7.70401,,,,,,,
8/7/2020,7.69939,,,,,,,
9/7/2020,7.69551,,,,,,,
10/7/2020,7.69771,,,,,,,
11/7/2020,7.69771,,,,,,,
12/7/2020,7.69771,,,,,,,
13/07/2020,7.69296,,,,,,,
14/07/2020,7.69193,,,,,,,
15/07/2020,7.69168,,,,,,,
16/07/2020,7.69051,,,,,,,
17/07/2020,7.68992,,,,,,,
18/07/2020,7.68992,,,,,,,
19/07/2020,7.68992,,,,,,,
20/07/2020,7.69145,,,,,,,
21/07/2020,7.68885,,,,,,,
22/07/2020,7.69176,,,,,,,
23/07/2020,7.69095,,,,,,,
24/07/2020,7.68863,,,,,,,
25/07/2020,7.68863,,,,,,,
26/07/2020,7.68863,,,,,,,
27/07/2020,7.69427,,,,,,,
28/07/2020,7.69563,,,,,,,
29/07/2020,7.6988,,,,,,,
30/07/2020,7.70133,,,,,,,
31/07/2020,7.70871,,,,,,,
1/8/2020,7.70871,,,,,,,
2/8/2020,7.70871,,,,,,,
3/8/2020,7.70888,,,,,,,
4/8/2020,7.70698,,,,,,,
5/8/2020,7.70555,,,,,,,
6/8/2020,7.70086,,,,,,,
7/8/2020,7.7007,,,,,,,
8/8/2020,7.7007,,,,,,,
9/8/2020,7.7007,,,,,,,
10/8/2020,7.70025,,,,,,,
11/8/2020,7.69972,,,,,,,
12/8/2020,7.70296,,,,,,,
13/08/2020,7.70105,,,,,,,
14/08/2020,7.70105,,,,,,,
15/08/2020,7.70105,,,,,,,
16/08/2020,7.70105,,,,,,,
17/08/2020,7.70024,,,,,,,
18/08/2020,7.69648,,,,,,,
19/08/2020,7.69894,,,,,,,
20/08/2020,7.69998,,,,,,,
21/08/2020,7.70132,,,,,,,
22/08/2020,7.70132,,,,,,,
23/08/2020,7.70132,,,,,,,
24/08/2020,7.69595,,,,,,,
25/08/2020,7.69823,,,,,,,
26/08/2020,7.70262,,,,,,,
27/08/2020,7.71029,,,,,,,
28/08/2020,7.72508,,,,,,,
29/08/2020,7.72508,,,,,,,
30/08/2020,7.72508,,,,,,,
31/08/2020,7.72991,,,,,,,
1/9/2020,7.72961,,,,,,,
2/9/2020,7.72672,,,,,,,
3/9/2020,7.72938,,,,,,,
4/9/2020,7.7349,,,,,,,
5/9/2020,7.7349,,,,,,,
6/9/2020,7.7349,,,,,,,
7/9/2020,7.73182,,,,,,,
8/9/2020,7.73932,,,,,,,
9/9/2020,7.74131,,,,,,,
10/9/2020,7.75328,,,,,,,
11/9/2020,7.75858,,,,,,,
12/9/2020,7.75858,,,,,,,
13/09/2020,7.75858,,,,,,,
14/09/2020,7.75927,,,,,,,
15/09/2020,7.75927,,,,,,,
16/09/2020,7.75303,,,,,,,
17/09/2020,7.7565,,,,,,,
18/09/2020,7.75687,,,,,,,
19/09/2020,7.75687,,,,,,,
20/09/2020,7.75687,,,,,,,
21/09/2020,7.7661,,,,,,,
22/09/2020,7.75888,,,,,,,
23/09/2020,7.76677,,,,,,,
24/09/2020,7.7863,,,,,,,
25/09/2020,7.78459,,,,,,,
26/09/2020,7.78459,,,,,,,
27/09/2020,7.78459,,,,,,,
28/09/2020,7.7823,,,,,,,
29/09/2020,7.78543,,,,,,,
30/09/2020,7.78602,,,,,,,
1/10/2020,7.78375,,,,,,,
2/10/2020,7.78222,,,,,,,
3/10/2020,7.78222,,,,,,,
4/10/2020,7.78222,,,,,,,
5/10/2020,7.77718,,,,,,,
6/10/2020,7.77848,,,,,,,
7/10/2020,7.77686,,,,,,,
8/10/2020,7.77703,,,,,,,
9/10/2020,7.77514,,,,,,,
10/10/2020,7.77514,,,,,,,
11/10/2020,7.77514,,,,,,,
12/10/2020,7.77514,,,,,,,
13/10/2020,7.78165,,,,,,,
14/10/2020,7.77696,,,,,,,
15/10/2020,7.7795,,,,,,,
16/10/2020,7.78231,,,,,,,
17/10/2020,7.78231,,,,,,,
18/10/2020,7.78231,,,,,,,
19/10/2020,7.78355,,,,,,,
20/10/2020,7.78355,,,,,,,
21/10/2020,7.7779,,,,,,,
22/10/2020,7.78046,,,,,,,
23/10/2020,7.78035,,,,,,,
24/10/2020,7.78035,,,,,,,
25/10/2020,7.78035,,,,,,,
26/10/2020,7.77983,,,,,,,
27/10/2020,7.78042,,,,,,,
28/10/2020,7.78619,,,,,,,
29/10/2020,7.79165,,,,,,,
30/10/2020,7.79595,,,,,,,
31/10/2020,7.79595,,,,,,,
1/11/2020,7.79595,,,,,,,
2/11/2020,7.79595,,,,,,,
3/11/2020,7.78858,,,,,,,
4/11/2020,7.78602,,,,,,,
5/11/2020,7.78318,,,,,,,
6/11/2020,7.78214,,,,,,,
7/11/2020,7.78214,,,,,,,
8/11/2020,7.78214,,,,,,,
9/11/2020,7.77957,,,,,,,
10/11/2020,7.77537,,,,,,,
11/11/2020,7.77567,,,,,,,
12/11/2020,7.78309,,,,,,,
13/11/2020,7.77684,,,,,,,
14/11/2020,7.77684,,,,,,,
15/11/2020,7.77684,,,,,,,
16/11/2020,7.77727,,,,,,,
17/11/2020,7.77956,,,,,,,
18/11/2020,7.78,,,,,,,
19/11/2020,7.77842,,,,,,,
20/11/2020,7.78348,,,,,,,
21/11/2020,7.78348,,,,,,,
22/11/2020,7.78348,,,,,,,
23/11/2020,7.78586,,,,,,,
24/11/2020,7.79212,,,,,,,
25/11/2020,7.80053,,,,,,,
26/11/2020,7.8082,,,,,,,
27/11/2020,7.81985,,,,,,,
28/11/2020,7.81985,,,,,,,
29/11/2020,7.81985,,,,,,,
30/11/2020,7.81405,,,,,,,
1/12/2020,7.81148,,,,,,,
2/12/2020,7.81321,,,,,,,
3/12/2020,7.81773,,,,,,,
4/12/2020,7.81681,,,,,,,
5/12/2020,7.81681,,,,,,,
6/12/2020,7.81681,,,,,,,
7/12/2020,7.81099,,,,,,,
8/12/2020,7.81035,,,,,,,
9/12/2020,7.80736,,,,,,,
10/12/2020,7.80327,,,,,,,
11/12/2020,7.80537,,,,,,,
12/12/2020,7.80537,,,,,,,
13/12/2020,7.80537,,,,,,,
14/12/2020,7.80233,,,,,,,
15/12/2020,7.79678,,,,,,,
16/12/2020,7.79621,,,,,,,
17/12/2020,7.79413,,,,,,,
18/12/2020,7.79461,,,,,,,
19/12/2020,7.79461,,,,,,,
20/12/2020,7.79461,,,,,,,
21/12/2020,7.79455,,,,,,,
22/12/2020,7.7934,,,,,,,
23/12/2020,7.79496,,,,,,,
24/12/2020,7.79241,,,,,,,
25/12/2020,7.79241,,,,,,,
26/12/2020,7.79241,,,,,,,
27/12/2020,7.79241,,,,,,,
28/12/2020,7.79005,,,,,,,
29/12/2020,7.79333,,,,,,,
30/12/2020,7.79382,,,,,,,
31/12/2020,7.79382,,,,,,,
1/1/2021,7.79382,,,,,,,
2/1/2021,7.79382,,,,,,,
3/1/2021,7.79382,,,,,,,
4/1/2021,7.79417,,,,,,,
5/1/2021,7.79369,,,,,,,
6/1/2021,7.79735,,,,,,,
7/1/2021,7.79493,,,,,,,
8/1/2021,7.80089,,,,,,,
9/1/2021,7.80089,,,,,,,
10/1/2021,7.80089,,,,,,,
11/1/2021,7.79581,,,,,,,
12/1/2021,7.7962,,,,,,,
13/01/2021,7.79686,,,,,,,
14/01/2021,7.79124,,,,,,,
15/01/2021,7.78903,,,,,,,
16/01/2021,7.78903,,,,,,,
17/01/2021,7.78903,,,,,,,
18/01/2021,7.7856,,,,,,,
19/01/2021,7.79345,,,,,,,
20/01/2021,7.78725,,,,,,,
21/01/2021,7.78209,,,,,,,
22/01/2021,7.78162,,,,,,,
23/01/2021,7.78162,,,,,,,
24/01/2021,7.78162,,,,,,,
25/01/2021,7.78124,,,,,,,
26/01/2021,7.77958,,,,,,,
27/01/2021,7.78483,,,,,,,
28/01/2021,7.78262,,,,,,,
29/01/2021,7.78638,,,,,,,
30/01/2021,7.78638,,,,,,,
31/01/2021,7.78638,,,,,,,
1/2/2021,7.78003,,,,,,,
2/2/2021,7.77836,,,,,,,
3/2/2021,7.77857,,,,,,,
4/2/2021,7.77652,,,,,,,
5/2/2021,7.76627,,,,,,,
6/2/2021,7.76627,,,,,,,
7/2/2021,7.76627,,,,,,,
8/2/2021,7.76611,,,,,,,
9/2/2021,7.76291,,,,,,,
10/2/2021,7.75873,,,,,,,
11/2/2021,7.75519,,,,,,,
12/2/2021,7.75002,,,,,,,
13/02/2021,7.75002,,,,,,,
14/02/2021,7.75002,,,,,,,
15/02/2021,7.74667,,,,,,,
16/02/2021,7.7464,,,,,,,
17/02/2021,7.74185,,,,,,,
18/02/2021,7.73698,,,,,,,
19/02/2021,7.73197,,,,,,,
20/02/2021,7.73197,,,,,,,
21/02/2021,7.73197,,,,,,,
22/02/2021,7.71868,,,,,,,
23/02/2021,7.72021,,,,,,,
24/02/2021,7.71568,,,,,,,
25/02/2021,7.7148,,,,,,,
26/02/2021,7.70922,,,,,,,
27/02/2021,7.70922,,,,,,,
28/02/2021,7.70922,,,,,,,
1/3/2021,7.70606,,,,,,,
2/3/2021,7.70271,,,,,,,
3/3/2021,7.70784,,,,,,,
4/3/2021,7.71007,,,,,,,
5/3/2021,7.71553,,,,,,,
6/3/2021,7.71553,,,,,,,
7/3/2021,7.71553,,,,,,,
8/3/2021,7.71276,,,,,,,
9/3/2021,7.71698,,,,,,,
10/3/2021,7.73021,,,,,,,
11/3/2021,7.72378,,,,,,,
12/3/2021,7.73057,,,,,,,
13/03/2021,7.73057,,,,,,,
14/03/2021,7.73057,,,,,,,
15/03/2021,7.72429,,,,,,,
16/03/2021,7.72084,,,,,,,
17/03/2021,7.72462,,,,,,,
18/03/2021,7.72059,,,,,,,
19/03/2021,7.72156,,,,,,,
20/03/2021,7.72156,,,,,,,
21/03/2021,7.72156,,,,,,,
22/03/2021,7.72274,,,,,,,
23/03/2021,7.72002,,,,,,,
24/03/2021,7.72758,,,,,,,
25/03/2021,7.72719,,,,,,,
26/03/2021,7.72379,,,,,,,
27/03/2021,7.72379,,,,,,,
28/03/2021,7.72379,,,,,,,
29/03/2021,7.72267,,,,,,,
30/03/2021,7.7199,,,,,,,
31/03/2021,7.71498,,,,,,,
1/4/2021,7.71498,,,,,,,
2/4/2021,7.71498,,,,,,,
3/4/2021,7.71498,,,,,,,
4/4/2021,7.71498,,,,,,,
5/4/2021,7.7179,,,,,,,
6/4/2021,7.72277,,,,,,,
7/4/2021,7.71815,,,,,,,
8/4/2021,7.71725,,,,,,,
9/4/2021,7.72209,,,,,,,
10/4/2021,7.72209,,,,,,,
11/4/2021,7.72209,,,,,,,
12/4/2021,7.71748,,,,,,,
13/04/2021,7.71454,,,,,,,
14/04/2021,7.71791,,,,,,,
15/04/2021,7.71877,,,,,,,
16/04/2021,7.71832,,,,,,,
17/04/2021,7.71832,,,,,,,
18/04/2021,7.71832,,,,,,,
19/04/2021,7.71216,,,,,,,
20/04/2021,7.71103,,,,,,,
21/04/2021,7.71206,,,,,,,
22/04/2021,7.71432,,,,,,,
23/04/2021,7.71463,,,,,,,
24/04/2021,7.71463,,,,,,,
25/04/2021,7.71463,,,,,,,
26/04/2021,7.71238,,,,,,,
27/04/2021,7.71167,,,,,,,
28/04/2021,7.71934,,,,,,,
29/04/2021,7.71649,,,,,,,
30/04/2021,7.71812,,,,,,,
1/5/2021,7.71812,,,,,,,
2/5/2021,7.71812,,,,,,,
3/5/2021,7.71812,,,,,,,
4/5/2021,7.71336,,,,,,,
5/5/2021,7.71288,,,,,,,
6/5/2021,7.7117,,,,,,,
7/5/2021,7.71133,,,,,,,
8/5/2021,7.71133,,,,,,,
9/5/2021,7.71133,,,,,,,
10/5/2021,7.71048,,,,,,,
11/5/2021,7.70861,,,,,,,
12/5/2021,7.71034,,,,,,,
13/05/2021,7.70898,,,,,,,
14/05/2021,7.7102,,,,,,,
15/05/2021,7.7102,,,,,,,
16/05/2021,7.7102,,,,,,,
17/05/2021,7.70923,,,,,,,
18/05/2021,7.7092,,,,,,,
19/05/2021,7.71246,,,,,,,
20/05/2021,7.71203,,,,,,,
21/05/2021,7.71822,,,,,,,
22/05/2021,7.71822,,,,,,,
23/05/2021,7.71822,,,,,,,
24/05/2021,7.71544,,,,,,,
25/05/2021,7.71791,,,,,,,
26/05/2021,7.71942,,,,,,,
27/05/2021,7.7219,,,,,,,
28/05/2021,7.72459,,,,,,,
29/05/2021,7.72459,,,,,,,
30/05/2021,7.72459,,,,,,,
31/05/2021,7.72117,,,,,,,
1/6/2021,7.72935,,,,,,,
2/6/2021,7.72179,,,,,,,
3/6/2021,7.72533,,,,,,,
4/6/2021,7.72994,,,,,,,
5/6/2021,7.72994,,,,,,,
6/6/2021,7.72994,,,,,,,
7/6/2021,7.72393,,,,,,,
8/6/2021,7.72481,,,,,,,
9/6/2021,7.73186,,,,,,,
10/6/2021,7.73802,,,,,,,
11/6/2021,7.74072,,,,,,,
12/6/2021,7.74072,,,,,,,
13/06/2021,7.74072,,,,,,,
14/06/2021,7.737,,,,,,,
15/06/2021,7.73582,,,,,,,
16/06/2021,7.74111,,,,,,,
17/06/2021,7.74153,,,,,,,
18/06/2021,7.74443,,,,,,,
19/06/2021,7.74443,,,,,,,
20/06/2021,7.74443,,,,,,,
21/06/2021,7.73757,,,,,,,
22/06/2021,7.738,,,,,,,
23/06/2021,7.74412,,,,,,,
24/06/2021,7.74428,,,,,,,
25/06/2021,7.75033,,,,,,,
26/06/2021,7.75033,,,,,,,
27/06/2021,7.75033,,,,,,,
28/06/2021,7.75033,,,,,,,
29/06/2021,7.75033,,,,,,,
30/06/2021,7.74404,,,,,,,
1/7/2021,7.744,,,,,,,
2/7/2021,7.74502,,,,,,,
3/7/2021,7.74502,,,,,,,
4/7/2021,7.74502,,,,,,,
5/7/2021,7.74235,,,,,,,
6/7/2021,7.74274,,,,,,,
7/7/2021,7.74339,,,,,,,
8/7/2021,7.74471,,,,,,,
9/7/2021,7.74768,,,,,,,
10/7/2021,7.74768,,,,,,,
11/7/2021,7.74768,,,,,,,
12/7/2021,7.74799,,,,,,,
13/07/2021,7.74134,,,,,,,
14/07/2021,7.74309,,,,,,,
15/07/2021,7.74341,,,,,,,
16/07/2021,7.74478,,,,,,,
17/07/2021,7.74478,,,,,,,
18/07/2021,7.74478,,,,,,,
19/07/2021,7.74535,,,,,,,
20/07/2021,7.74279,,,,,,,
21/07/2021,7.74457,,,,,,,
22/07/2021,7.74615,,,,,,,
23/07/2021,7.74671,,,,,,,
24/07/2021,7.74671,,,,,,,
25/07/2021,7.74671,,,,,,,
26/07/2021,7.74425,,,,,,,
27/07/2021,7.74312,,,,,,,
28/07/2021,7.74328,,,,,,,
29/07/2021,7.74762,,,,,,,
30/07/2021,7.74751,,,,,,,
31/07/2021,7.74751,,,,,,,
1/8/2021,7.74751,,,,,,,
2/8/2021,7.74846,,,,,,,
3/8/2021,7.74181,,,,,,,
4/8/2021,7.74579,,,,,,,
5/8/2021,7.74765,,,,,,,
6/8/2021,7.74821,,,,,,,
7/8/2021,7.74821,,,,,,,
8/8/2021,7.74821,,,,,,,
9/8/2021,7.74671,,,,,,,
10/8/2021,7.74134,,,,,,,
11/8/2021,7.7395,,,,,,,
12/8/2021,7.73969,,,,,,,
13/08/2021,7.73802,,,,,,,
14/08/2021,7.73802,,,,,,,
15/08/2021,7.73802,,,,,,,
16/08/2021,7.73802,,,,,,,
17/08/2021,7.73577,,,,,,,
18/08/2021,7.73522,,,,,,,
19/08/2021,7.73636,,,,,,,
20/08/2021,7.73501,,,,,,,
21/08/2021,7.73501,,,,,,,
22/08/2021,7.73501,,,,,,,
23/08/2021,7.73248,,,,,,,
24/08/2021,7.73216,,,,,,,
25/08/2021,7.73273,,,,,,,
26/08/2021,7.73256,,,,,,,
27/08/2021,7.73179,,,,,,,
28/08/2021,7.73179,,,,,,,
29/08/2021,7.73179,,,,,,,
30/08/2021,7.72752,,,,,,,
31/08/2021,7.72957,,,,,,,
1/9/2021,7.7308,,,,,,,
2/9/2021,7.73415,,,,,,,
3/9/2021,7.73213,,,,,,,
4/9/2021,7.73213,,,,,,,
5/9/2021,7.73213,,,,,,,
6/9/2021,7.72922,,,,,,,
7/9/2021,7.73432,,,,,,,
8/9/2021,7.73144,,,,,,,
9/9/2021,7.729,,,,,,,
10/9/2021,7.73025,,,,,,,
11/9/2021,7.73025,,,,,,,
12/9/2021,7.73025,,,,,,,
13/09/2021,7.72909,,,,,,,
14/09/2021,7.7276,,,,,,,
15/09/2021,7.7276,,,,,,,
16/09/2021,7.72827,,,,,,,
17/09/2021,7.73272,,,,,,,
18/09/2021,7.73272,,,,,,,
19/09/2021,7.73272,,,,,,,
20/09/2021,7.73082,,,,,,,
21/09/2021,7.72868,,,,,,,
22/09/2021,7.73206,,,,,,,
23/09/2021,7.73345,,,,,,,
24/09/2021,7.7369,,,,,,,
25/09/2021,7.7369,,,,,,,
26/09/2021,7.7369,,,,,,,
27/09/2021,7.73277,,,,,,,
28/09/2021,7.73175,,,,,,,
29/09/2021,7.73524,,,,,,,
30/09/2021,7.73365,,,,,,,
1/10/2021,7.73369,,,,,,,
2/10/2021,7.73369,,,,,,,
3/10/2021,7.73369,,,,,,,
4/10/2021,7.72995,,,,,,,
5/10/2021,7.72931,,,,,,,
6/10/2021,7.73116,,,,,,,
7/10/2021,7.73216,,,,,,,
8/10/2021,7.73128,,,,,,,
9/10/2021,7.73128,,,,,,,
10/10/2021,7.73128,,,,,,,
11/10/2021,7.72898,,,,,,,
12/10/2021,7.72898,,,,,,,
13/10/2021,7.73177,,,,,,,
14/10/2021,7.72891,,,,,,,
15/10/2021,7.73147,,,,,,,
16/10/2021,7.73147,,,,,,,
17/10/2021,7.73147,,,,,,,
18/10/2021,7.73017,,,,,,,
19/10/2021,7.72756,,,,,,,
20/10/2021,7.72756,,,,,,,
21/10/2021,7.72975,,,,,,,
22/10/2021,7.73264,,,,,,,
23/10/2021,7.73264,,,,,,,
24/10/2021,7.73264,,,,,,,
25/10/2021,7.72948,,,,,,,
26/10/2021,7.72908,,,,,,,
27/10/2021,7.73331,,,,,,,
28/10/2021,7.73647,,,,,,,
29/10/2021,7.73464,,,,,,,
30/10/2021,7.73464,,,,,,,
31/10/2021,7.73464,,,,,,,
1/11/2021,7.73464,,,,,,,
2/11/2021,7.73554,,,,,,,
3/11/2021,7.73091,,,,,,,
4/11/2021,7.73206,,,,,,,
5/11/2021,7.73221,,,,,,,
6/11/2021,7.73221,,,,,,,
7/11/2021,7.73221,,,,,,,
8/11/2021,7.72991,,,,,,,
9/11/2021,7.72837,,,,,,,
10/11/2021,7.72687,,,,,,,
11/11/2021,7.7275,,,,,,,
12/11/2021,7.73171,,,,,,,
13/11/2021,7.73171,,,,,,,
14/11/2021,7.73171,,,,,,,
15/11/2021,7.72977,,,,,,,
16/11/2021,7.72696,,,,,,,
17/11/2021,7.7329,,,,,,,
18/11/2021,7.73088,,,,,,,
19/11/2021,7.73298,,,,,,,
20/11/2021,7.73298,,,,,,,
21/11/2021,7.73298,,,,,,,
22/11/2021,7.7254,,,,,,,
23/11/2021,7.72921,,,,,,,
24/11/2021,7.73146,,,,,,,
25/11/2021,7.73144,,,,,,,
26/11/2021,7.73483,,,,,,,
27/11/2021,7.73483,,,,,,,
28/11/2021,7.73483,,,,,,,
29/11/2021,7.73149,,,,,,,
30/11/2021,7.73058,,,,,,,
1/12/2021,7.73219,,,,,,,
2/12/2021,7.7308,,,,,,,
3/12/2021,7.73654,,,,,,,
4/12/2021,7.73654,,,,,,,
5/12/2021,7.73654,,,,,,,
6/12/2021,7.72819,,,,,,,
7/12/2021,7.72825,,,,,,,
8/12/2021,7.7317,,,,,,,
9/12/2021,7.7286,,,,,,,
10/12/2021,7.73244,,,,,,,
11/12/2021,7.73244,,,,,,,
12/12/2021,7.73244,,,,,,,
13/12/2021,7.7276,,,,,,,
14/12/2021,7.72471,,,,,,,
15/12/2021,7.72525,,,,,,,
16/12/2021,7.72374,,,,,,,
17/12/2021,7.72464,,,,,,,
18/12/2021,7.72464,,,,,,,
19/12/2021,7.72464,,,,,,,
20/12/2021,7.7221,,,,,,,
21/12/2021,7.71769,,,,,,,
22/12/2021,7.72082,,,,,,,
23/12/2021,7.71827,,,,,,,
24/12/2021,7.71628,,,,,,,
25/12/2021,7.71628,,,,,,,
26/12/2021,7.71628,,,,,,,
27/12/2021,7.71628,,,,,,,
28/12/2021,7.72447,,,,,,,
29/12/2021,7.71924,,,,,,,
30/12/2021,7.71912,,,,,,,
31/12/2021,7.71912,,,,,,,
1/1/2022,7.71912,,,,,,,
2/1/2022,7.71912,,,,,,,
3/1/2022,7.71912,,,,,,,
4/1/2022,7.71745,,,,,,,
5/1/2022,7.71558,,,,,,,
6/1/2022,7.71823,,,,,,,
7/1/2022,7.71343,,,,,,,
8/1/2022,7.71343,,,,,,,
9/1/2022,7.71343,,,,,,,
10/1/2022,7.71101,,,,,,,
11/1/2022,7.70832,,,,,,,
12/1/2022,7.70898,,,,,,,
13/01/2022,7.7062,,,,,,,
14/01/2022,7.70777,,,,,,,
15/01/2022,7.70777,,,,,,,
16/01/2022,7.70777,,,,,,,
17/01/2022,7.70046,,,,,,,
18/01/2022,7.70453,,,,,,,
19/01/2022,7.69958,,,,,,,
20/01/2022,7.69537,,,,,,,
21/01/2022,7.69195,,,,,,,
22/01/2022,7.69195,,,,,,,
23/01/2022,7.69195,,,,,,,
24/01/2022,7.68855,,,,,,,
25/01/2022,7.68581,,,,,,,
26/01/2022,7.68541,,,,,,,
27/01/2022,7.68649,,,,,,,
28/01/2022,7.68995,,,,,,,
29/01/2022,7.68995,,,,,,,
30/01/2022,7.68995,,,,,,,
31/01/2022,7.68981,,,,,,,
1/2/2022,7.68555,,,,,,,
2/2/2022,7.69221,,,,,,,
3/2/2022,7.69189,,,,,,,
4/2/2022,7.69495,,,,,,,
5/2/2022,7.69495,,,,,,,
6/2/2022,7.69495,,,,,,,
7/2/2022,7.69122,,,,,,,
8/2/2022,7.6886,,,,,,,
9/2/2022,7.69229,,,,,,,
10/2/2022,7.69531,,,,,,,
11/2/2022,7.69226,,,,,,,
12/2/2022,7.69226,,,,,,,
13/02/2022,7.69226,,,,,,,
14/02/2022,7.69255,,,,,,,
15/02/2022,7.68841,,,,,,,
16/02/2022,7.69562,,,,,,,
17/02/2022,7.69349,,,,,,,
18/02/2022,7.70039,,,,,,,
19/02/2022,7.70039,,,,,,,
20/02/2022,7.70039,,,,,,,
21/02/2022,7.69849,,,,,,,
22/02/2022,7.70788,,,,,,,
23/02/2022,7.70468,,,,,,,
24/02/2022,7.71285,,,,,,,
25/02/2022,7.7169,,,,,,,
26/02/2022,7.7169,,,,,,,
27/02/2022,7.7169,,,,,,,
28/02/2022,7.71322,,,,,,,
1/3/2022,7.7044,,,,,,,
2/3/2022,7.70543,,,,,,,
3/3/2022,7.71199,,,,,,,
4/3/2022,7.71002,,,,,,,
5/3/2022,7.71002,,,,,,,
6/3/2022,7.71002,,,,,,,
7/3/2022,7.70431,,,,,,,
8/3/2022,7.69932,,,,,,,
9/3/2022,7.7011,,,,,,,
10/3/2022,7.70164,,,,,,,
11/3/2022,7.70105,,,,,,,
12/3/2022,7.70105,,,,,,,
13/03/2022,7.70105,,,,,,,
14/03/2022,7.69793,,,,,,,
15/03/2022,7.69146,,,,,,,
16/03/2022,7.6951,,,,,,,
17/03/2022,7.6938,,,,,,,
18/03/2022,7.69159,,,,,,,
19/03/2022,7.69159,,,,,,,
20/03/2022,7.69159,,,,,,,
21/03/2022,7.68837,,,,,,,
22/03/2022,7.68464,,,,,,,
23/03/2022,7.68438,,,,,,,
24/03/2022,7.6827,,,,,,,
25/03/2022,7.68169,,,,,,,
26/03/2022,7.68169,,,,,,,
27/03/2022,7.68169,,,,,,,
28/03/2022,7.67889,,,,,,,
29/03/2022,7.6783,,,,,,,
30/03/2022,7.68052,,,,,,,
31/03/2022,7.68025,,,,,,,
1/4/2022,7.67947,,,,,,,
2/4/2022,7.67947,,,,,,,
3/4/2022,7.67947,,,,,,,
4/4/2022,7.67499,,,,,,,
5/4/2022,7.67298,,,,,,,
6/4/2022,7.675,,,,,,,
7/4/2022,7.66993,,,,,,,
8/4/2022,7.66874,,,,,,,
9/4/2022,7.66874,,,,,,,
10/4/2022,7.66874,,,,,,,
11/4/2022,7.66512,,,,,,,
12/4/2022,7.66356,,,,,,,
13/04/2022,7.65901,,,,,,,
14/04/2022,7.65901,,,,,,,
15/04/2022,7.65901,,,,,,,
16/04/2022,7.65901,,,,,,,
17/04/2022,7.65901,,,,,,,
18/04/2022,7.65849,,,,,,,
19/04/2022,7.65599,,,,,,,
20/04/2022,7.65576,,,,,,,
21/04/2022,7.65446,,,,,,,
22/04/2022,7.65309,,,,,,,
23/04/2022,7.65309,,,,,,,
24/04/2022,7.65309,,,,,,,
25/04/2022,7.6509,,,,,,,
26/04/2022,7.65144,,,,,,,
27/04/2022,7.65353,,,,,,,
28/04/2022,7.65775,,,,,,,
29/04/2022,7.66517,,,,,,,
30/04/2022,7.66517,,,,,,,
1/5/2022,7.66517,,,,,,,
2/5/2022,7.66517,,,,,,,
3/5/2022,7.6614,,,,,,,
4/5/2022,7.66582,,,,,,,
5/5/2022,7.67075,,,,,,,
6/5/2022,7.66795,,,,,,,
7/5/2022,7.66795,,,,,,,
8/5/2022,7.66795,,,,,,,
9/5/2022,7.66706,,,,,,,
10/5/2022,7.66326,,,,,,,
11/5/2022,7.66764,,,,,,,
12/5/2022,7.66945,,,,,,,
13/05/2022,7.66915,,,,,,,
14/05/2022,7.66915,,,,,,,
15/05/2022,7.66915,,,,,,,
16/05/2022,7.66475,,,,,,,
17/05/2022,7.66612,,,,,,,
18/05/2022,7.66642,,,,,,,
19/05/2022,7.66703,,,,,,,
20/05/2022,7.66692,,,,,,,
21/05/2022,7.66692,,,,,,,
22/05/2022,7.66692,,,,,,,
23/05/2022,7.66903,,,,,,,
24/05/2022,7.66774,,,,,,,
25/05/2022,7.67577,,,,,,,
26/05/2022,7.67318,,,,,,,
27/05/2022,7.6819,,,,,,,
28/05/2022,7.6819,,,,,,,
29/05/2022,7.6819,,,,,,,
30/05/2022,7.67765,,,,,,,
31/05/2022,7.68434,,,,,,,
1/6/2022,7.69552,,,,,,,
2/6/2022,7.70758,,,,,,,
3/6/2022,7.71242,,,,,,,
4/6/2022,7.71242,,,,,,,
5/6/2022,7.71242,,,,,,,
6/6/2022,7.70466,,,,,,,
7/6/2022,7.70703,,,,,,,
8/6/2022,7.72074,,,,,,,
9/6/2022,7.72609,,,,,,,
10/6/2022,7.73206,,,,,,,
11/6/2022,7.73206,,,,,,,
12/6/2022,7.73206,,,,,,,
13/06/2022,7.73104,,,,,,,
14/06/2022,7.73281,,,,,,,
15/06/2022,7.73886,,,,,,,
16/06/2022,7.73889,,,,,,,
17/06/2022,7.74046,,,,,,,
18/06/2022,7.74046,,,,,,,
19/06/2022,7.74046,,,,,,,
20/06/2022,7.74102,,,,,,,
21/06/2022,7.74969,,,,,,,
22/06/2022,7.74745,,,,,,,
23/06/2022,7.75104,,,,,,,
24/06/2022,7.7589,,,,,,,
25/06/2022,7.7589,,,,,,,
26/06/2022,7.7589,,,,,,,
27/06/2022,7.75404,,,,,,,
28/06/2022,7.7598,,,,,,,
29/06/2022,7.75819,,,,,,,
30/06/2022,7.75608,,,,,,,
1/7/2022,7.75608,,,,,,,
2/7/2022,7.75608,,,,,,,
3/7/2022,7.75608,,,,,,,
4/7/2022,7.75608,,,,,,,
5/7/2022,7.75281,,,,,,,
6/7/2022,7.74979,,,,,,,
7/7/2022,7.74659,,,,,,,
8/7/2022,7.74712,,,,,,,
9/7/2022,7.74712,,,,,,,
10/7/2022,7.74712,,,,,,,
11/7/2022,7.7437,,,,,,,
12/7/2022,7.74028,,,,,,,
13/07/2022,7.73859,,,,,,,
14/07/2022,7.73526,,,,,,,
15/07/2022,7.73556,,,,,,,
16/07/2022,7.73556,,,,,,,
17/07/2022,7.73556,,,,,,,
18/07/2022,7.73159,,,,,,,
19/07/2022,7.72793,,,,,,,
20/07/2022,7.73174,,,,,,,
21/07/2022,7.72924,,,,,,,
22/07/2022,7.73052,,,,,,,
23/07/2022,7.73052,,,,,,,
24/07/2022,7.73052,,,,,,,
25/07/2022,7.7278,,,,,,,
26/07/2022,7.72833,,,,,,,
27/07/2022,7.73171,,,,,,,
28/07/2022,7.73485,,,,,,,
29/07/2022,7.73654,,,,,,,
30/07/2022,7.73654,,,,,,,
31/07/2022,7.73654,,,,,,,
1/8/2022,7.72946,,,,,,,
2/8/2022,7.72848,,,,,,,
3/8/2022,7.73292,,,,,,,
4/8/2022,7.7333,,,,,,,
5/8/2022,7.73337,,,,,,,
6/8/2022,7.73337,,,,,,,
7/8/2022,7.73337,,,,,,,
8/8/2022,7.72989,,,,,,,
9/8/2022,7.7258,,,,,,,
10/8/2022,7.73248,,,,,,,
11/8/2022,7.73132,,,,,,,
12/8/2022,7.734,,,,,,,
13/08/2022,7.734,,,,,,,
14/08/2022,7.734,,,,,,,
15/08/2022,7.734,,,,,,,
16/08/2022,7.72649,,,,,,,
17/08/2022,7.72851,,,,,,,
18/08/2022,7.73095,,,,,,,
19/08/2022,7.7278,,,,,,,
20/08/2022,7.7278,,,,,,,
21/08/2022,7.7278,,,,,,,
22/08/2022,7.72716,,,,,,,
23/08/2022,7.72815,,,,,,,
24/08/2022,7.73053,,,,,,,
25/08/2022,7.7338,,,,,,,
26/08/2022,7.73368,,,,,,,
27/08/2022,7.73368,,,,,,,
28/08/2022,7.73368,,,,,,,
29/08/2022,7.73147,,,,,,,
30/08/2022,7.73099,,,,,,,
31/08/2022,7.73819,,,,,,,
1/9/2022,7.7408,,,,,,,
2/9/2022,7.74268,,,,,,,
3/9/2022,7.74268,,,,,,,
4/9/2022,7.74268,,,,,,,
5/9/2022,7.74108,,,,,,,
6/9/2022,7.75755,,,,,,,
7/9/2022,7.75842,,,,,,,
8/9/2022,7.77893,,,,,,,
9/9/2022,7.79688,,,,,,,
10/9/2022,7.79688,,,,,,,
11/9/2022,7.79688,,,,,,,
12/9/2022,7.78774,,,,,,,
13/09/2022,7.78898,,,,,,,
14/09/2022,7.79585,,,,,,,
15/09/2022,7.79585,,,,,,,
16/09/2022,7.79626,,,,,,,
17/09/2022,7.79626,,,,,,,
18/09/2022,7.79626,,,,,,,
19/09/2022,7.79986,,,,,,,
20/09/2022,7.80091,,,,,,,
21/09/2022,7.81384,,,,,,,
22/09/2022,7.82975,,,,,,,
23/09/2022,7.842,,,,,,,
24/09/2022,7.842,,,,,,,
25/09/2022,7.842,,,,,,,
26/09/2022,7.84218,,,,,,,
27/09/2022,7.84578,,,,,,,
28/09/2022,7.85501,,,,,,,
29/09/2022,7.86284,,,,,,,
30/09/2022,7.88368,,,,,,,
1/10/2022,7.88368,,,,,,,
2/10/2022,7.88368,,,,,,,
3/10/2022,7.89856,,,,,,,
4/10/2022,7.90963,,,,,,,
5/10/2022,7.91233,,,,,,,
6/10/2022,7.9026,,,,,,,
7/10/2022,7.89334,,,,,,,
8/10/2022,7.89334,,,,,,,
9/10/2022,7.89334,,,,,,,
10/10/2022,7.87662,,,,,,,
11/10/2022,7.8757,,,,,,,
12/10/2022,7.8757,,,,,,,
13/10/2022,7.86625,,,,,,,
14/10/2022,7.86252,,,,,,,
15/10/2022,7.86252,,,,,,,
16/10/2022,7.86252,,,,,,,
17/10/2022,7.85768,,,,,,,
18/10/2022,7.85275,,,,,,,
19/10/2022,7.85157,,,,,,,
20/10/2022,7.85157,,,,,,,
21/10/2022,7.84831,,,,,,,
22/10/2022,7.84831,,,,,,,
23/10/2022,7.84831,,,,,,,
24/10/2022,7.84248,,,,,,,
25/10/2022,7.84511,,,,,,,
26/10/2022,7.84399,,,,,,,
27/10/2022,7.83655,,,,,,,
28/10/2022,7.83772,,,,,,,
29/10/2022,7.83772,,,,,,,
30/10/2022,7.83772,,,,,,,
31/10/2022,7.82857,,,,,,,
1/11/2022,7.82857,,,,,,,
2/11/2022,7.82497,,,,,,,
3/11/2022,7.82784,,,,,,,
4/11/2022,7.82196,,,,,,,
5/11/2022,7.82196,,,,,,,
6/11/2022,7.82196,,,,,,,
7/11/2022,7.81898,,,,,,,
8/11/2022,7.81314,,,,,,,
9/11/2022,7.81259,,,,,,,
10/11/2022,7.8116,,,,,,,
11/11/2022,7.80692,,,,,,,
12/11/2022,7.80692,,,,,,,
13/11/2022,7.80692,,,,,,,
14/11/2022,7.80536,,,,,,,
15/11/2022,7.79823,,,,,,,
16/11/2022,7.79839,,,,,,,
17/11/2022,7.79936,,,,,,,
18/11/2022,7.79773,,,,,,,
19/11/2022,7.79773,,,,,,,
20/11/2022,7.79773,,,,,,,
21/11/2022,7.79372,,,,,,,
22/11/2022,7.80497,,,,,,,
23/11/2022,7.81468,,,,,,,
24/11/2022,7.8183,,,,,,,
25/11/2022,7.82619,,,,,,,
26/11/2022,7.82619,,,,,,,
27/11/2022,7.82619,,,,,,,
28/11/2022,7.81998,,,,,,,
29/11/2022,7.82766,,,,,,,
30/11/2022,7.84134,,,,,,,
1/12/2022,7.84143,,,,,,,
2/12/2022,7.85875,,,,,,,
3/12/2022,7.85875,,,,,,,
4/12/2022,7.85875,,,,,,,
5/12/2022,7.87534,,,,,,,
6/12/2022,7.90912,,,,,,,
7/12/2022,7.93024,,,,,,,
8/12/2022,7.90901,,,,,,,
9/12/2022,7.89634,,,,,,,
10/12/2022,7.89634,,,,,,,
11/12/2022,7.89634,,,,,,,
12/12/2022,7.88174,,,,,,,
13/12/2022,7.87402,,,,,,,
14/12/2022,7.87702,,,,,,,
15/12/2022,7.86627,,,,,,,
16/12/2022,7.86912,,,,,,,
17/12/2022,7.86912,,,,,,,
18/12/2022,7.86912,,,,,,,
19/12/2022,7.85836,,,,,,,
20/12/2022,7.85599,,,,,,,
21/12/2022,7.85419,,,,,,,
22/12/2022,7.85527,,,,,,,
23/12/2022,7.84914,,,,,,,
24/12/2022,7.84914,,,,,,,
25/12/2022,7.84914,,,,,,,
26/12/2022,7.84914,,,,,,,
27/12/2022,7.84739,,,,,,,
28/12/2022,7.85028,,,,,,,
29/12/2022,7.85222,,,,,,,
30/12/2022,7.85222,,,,,,,
31/12/2022,7.85222,,,,,,,
1/1/2023,7.85222,,,,,,,
2/1/2023,7.85222,,,,,,,
3/1/2023,7.84773,,,,,,,
4/1/2023,7.84906,,,,,,,
5/1/2023,7.85221,,,,,,,
6/1/2023,7.84856,,,,,,,
7/1/2023,7.84856,,,,,,,
8/1/2023,7.84856,,,,,,,
9/1/2023,7.84628,,,,,,,
10/1/2023,7.84395,,,,,,,
11/1/2023,7.8488,,,,,,,
12/1/2023,7.85,,,,,,,
13/01/2023,7.84942,,,,,,,
14/01/2023,7.84942,,,,,,,
15/01/2023,7.84942,,,,,,,
16/01/2023,7.84319,,,,,,,
17/01/2023,7.84762,,,,,,,
18/01/2023,7.84834,,,,,,,
19/01/2023,7.85007,,,,,,,
20/01/2023,7.85078,,,,,,,
21/01/2023,7.85078,,,,,,,
22/01/2023,7.85078,,,,,,,
23/01/2023,7.84295,,,,,,,
24/01/2023,7.84379,,,,,,,
25/01/2023,7.84883,,,,,,,
26/01/2023,7.85069,,,,,,,
27/01/2023,7.85212,,,,,,,
28/01/2023,7.85212,,,,,,,
29/01/2023,7.85212,,,,,,,
30/01/2023,7.84886,,,,,,,
31/01/2023,7.84855,,,,,,,
1/2/2023,7.84957,,,,,,,
2/2/2023,7.84667,,,,,,,
3/2/2023,7.84714,,,,,,,
4/2/2023,7.84714,,,,,,,
5/2/2023,7.84714,,,,,,,
6/2/2023,7.84306,,,,,,,
7/2/2023,7.84298,,,,,,,
8/2/2023,7.84282,,,,,,,
9/2/2023,7.84208,,,,,,,
10/2/2023,7.83792,,,,,,,
11/2/2023,7.83792,,,,,,,
12/2/2023,7.83792,,,,,,,
13/02/2023,7.83567,,,,,,,
14/02/2023,7.83256,,,,,,,
15/02/2023,7.8313,,,,,,,
16/02/2023,7.82864,,,,,,,
17/02/2023,7.82638,,,,,,,
18/02/2023,7.82638,,,,,,,
19/02/2023,7.82638,,,,,,,
20/02/2023,7.81821,,,,,,,
21/02/2023,7.82129,,,,,,,
22/02/2023,7.81596,,,,,,,
23/02/2023,7.81696,,,,,,,
24/02/2023,7.8179,,,,,,,
25/02/2023,7.8179,,,,,,,
26/02/2023,7.8179,,,,,,,
27/02/2023,7.81549,,,,,,,
28/02/2023,7.81493,,,,,,,
1/3/2023,7.81525,,,,,,,
2/3/2023,7.81859,,,,,,,
3/3/2023,7.81359,,,,,,,
4/3/2023,7.81359,,,,,,,
5/3/2023,7.81359,,,,,,,
6/3/2023,7.81199,,,,,,,
7/3/2023,7.80397,,,,,,,
8/3/2023,7.80973,,,,,,,
9/3/2023,7.80754,,,,,,,
10/3/2023,7.80715,,,,,,,
11/3/2023,7.80715,,,,,,,
12/3/2023,7.80715,,,,,,,
13/03/2023,7.79947,,,,,,,
14/03/2023,7.79731,,,,,,,
15/03/2023,7.79834,,,,,,,
16/03/2023,7.80412,,,,,,,
17/03/2023,7.80243,,,,,,,
18/03/2023,7.80243,,,,,,,
19/03/2023,7.80243,,,,,,,
20/03/2023,7.79631,,,,,,,
21/03/2023,7.79352,,,,,,,
22/03/2023,7.80256,,,,,,,
23/03/2023,7.80387,,,,,,,
24/03/2023,7.80518,,,,,,,
25/03/2023,7.80518,,,,,,,
26/03/2023,7.80518,,,,,,,
27/03/2023,7.79869,,,,,,,
28/03/2023,7.79912,,,,,,,
29/03/2023,7.80317,,,,,,,
30/03/2023,7.80234,,,,,,,
31/03/2023,7.80335,,,,,,,
1/4/2023,7.80335,,,,,,,
2/4/2023,7.80335,,,,,,,
3/4/2023,7.79691,,,,,,,
4/4/2023,7.79431,,,,,,,
5/4/2023,7.79329,,,,,,,
6/4/2023,7.79329,,,,,,,
7/4/2023,7.79329,,,,,,,
8/4/2023,7.79329,,,,,,,
9/4/2023,7.79329,,,,,,,
10/4/2023,7.79921,,,,,,,
11/4/2023,7.79501,,,,,,,
12/4/2023,7.79866,,,,,,,
13/04/2023,7.79625,,,,,,,
14/04/2023,7.80261,,,,,,,
15/04/2023,7.80261,,,,,,,
16/04/2023,7.80261,,,,,,,
17/04/2023,7.8006,,,,,,,
18/04/2023,7.7967,,,,,,,
19/04/2023,7.79898,,,,,,,
20/04/2023,7.79925,,,,,,,
21/04/2023,7.79964,,,,,,,
22/04/2023,7.79964,,,,,,,
23/04/2023,7.79964,,,,,,,
24/04/2023,7.79702,,,,,,,
25/04/2023,7.79572,,,,,,,
26/04/2023,7.80198,,,,,,,
27/04/2023,7.80424,,,,,,,
28/04/2023,7.80826,,,,,,,
29/04/2023,7.80826,,,,,,,
30/04/2023,7.80826,,,,,,,
1/5/2023,7.80826,,,,,,,
2/5/2023,7.80055,,,,,,,
3/5/2023,7.80673,,,,,,,
4/5/2023,7.80938,,,,,,,
5/5/2023,7.80739,,,,,,,
6/5/2023,7.80739,,,,,,,
7/5/2023,7.80739,,,,,,,
8/5/2023,7.8028,,,,,,,
9/5/2023,7.80568,,,,,,,
10/5/2023,7.80601,,,,,,,
11/5/2023,7.80379,,,,,,,
12/5/2023,7.80649,,,,,,,
13/05/2023,7.80649,,,,,,,
14/05/2023,7.80649,,,,,,,
15/05/2023,7.80223,,,,,,,
16/05/2023,7.80323,,,,,,,
17/05/2023,7.80156,,,,,,,
18/05/2023,7.80495,,,,,,,
19/05/2023,7.80399,,,,,,,
20/05/2023,7.80399,,,,,,,
21/05/2023,7.80399,,,,,,,
22/05/2023,7.80453,,,,,,,
23/05/2023,7.80354,,,,,,,
24/05/2023,7.80974,,,,,,,
25/05/2023,7.81685,,,,,,,
26/05/2023,7.82145,,,,,,,
27/05/2023,7.82145,,,,,,,
28/05/2023,7.82145,,,,,,,
29/05/2023,7.82029,,,,,,,
30/05/2023,7.82886,,,,,,,
31/05/2023,7.83014,,,,,,,
1/6/2023,7.8366,,,,,,,
2/6/2023,7.83809,,,,,,,
3/6/2023,7.83809,,,,,,,
4/6/2023,7.83809,,,,,,,
5/6/2023,7.82959,,,,,,,
6/6/2023,7.82919,,,,,,,
7/6/2023,7.83743,,,,,,,
8/6/2023,7.83755,,,,,,,
9/6/2023,7.83852,,,,,,,
10/6/2023,7.83852,,,,,,,
11/6/2023,7.83852,,,,,,,
12/6/2023,7.83317,,,,,,,
13/06/2023,7.83321,,,,,,,
14/06/2023,7.83379,,,,,,,
15/06/2023,7.83909,,,,,,,
16/06/2023,7.83924,,,,,,,
17/06/2023,7.83924,,,,,,,
18/06/2023,7.83924,,,,,,,
19/06/2023,7.83373,,,,,,,
20/06/2023,7.84215,,,,,,,
21/06/2023,7.8377,,,,,,,
22/06/2023,7.83963,,,,,,,
23/06/2023,7.84308,,,,,,,
24/06/2023,7.84308,,,,,,,
25/06/2023,7.84308,,,,,,,
26/06/2023,7.83445,,,,,,,
27/06/2023,7.84069,,,,,,,
28/06/2023,7.84326,,,,,,,
29/06/2023,7.84576,,,,,,,
30/06/2023,7.84576,,,,,,,
1/7/2023,7.84576,,,,,,,
2/7/2023,7.84576,,,,,,,
3/7/2023,7.84576,,,,,,,
4/7/2023,7.84107,,,,,,,
5/7/2023,7.84545,,,,,,,
6/7/2023,7.84564,,,,,,,
7/7/2023,7.84717,,,,,,,
8/7/2023,7.84717,,,,,,,
9/7/2023,7.84717,,,,,,,
10/7/2023,7.84097,,,,,,,
11/7/2023,7.84161,,,,,,,
12/7/2023,7.8457,,,,,,,
13/07/2023,7.84314,,,,,,,
14/07/2023,7.84812,,,,,,,
15/07/2023,7.84812,,,,,,,
16/07/2023,7.84812,,,,,,,
17/07/2023,7.84281,,,,,,,
18/07/2023,7.84349,,,,,,,
19/07/2023,7.84612,,,,,,,
20/07/2023,7.84814,,,,,,,
21/07/2023,7.84913,,,,,,,
22/07/2023,7.84913,,,,,,,
23/07/2023,7.84913,,,,,,,
24/07/2023,7.84918,,,,,,,
25/07/2023,7.84857,,,,,,,
26/07/2023,7.85244,,,,,,,
27/07/2023,7.86393,,,,,,,
28/07/2023,7.86955,,,,,,,
29/07/2023,7.86955,,,,,,,
30/07/2023,7.86955,,,,,,,
31/07/2023,7.86893,,,,,,,
1/8/2023,7.86466,,,,,,,
2/8/2023,7.86984,,,,,,,
3/8/2023,7.86853,,,,,,,
4/8/2023,7.86956,,,,,,,
5/8/2023,7.86956,,,,,,,
6/8/2023,7.86956,,,,,,,
7/8/2023,7.86202,,,,,,,
8/8/2023,7.86093,,,,,,,
9/8/2023,7.86111,,,,,,,
10/8/2023,7.86178,,,,,,,
11/8/2023,7.8577,,,,,,,
12/8/2023,7.8577,,,,,,,
13/08/2023,7.8577,,,,,,,
14/08/2023,7.85084,,,,,,,
15/08/2023,7.85084,,,,,,,
16/08/2023,7.84999,,,,,,,
17/08/2023,7.85065,,,,,,,
18/08/2023,7.85081,,,,,,,
19/08/2023,7.85081,,,,,,,
20/08/2023,7.85081,,,,,,,
21/08/2023,7.8485,,,,,,,
22/08/2023,7.8476,,,,,,,
23/08/2023,7.8527,,,,,,,
24/08/2023,7.86094,,,,,,,
25/08/2023,7.86352,,,,,,,
26/08/2023,7.86352,,,,,,,
27/08/2023,7.86352,,,,,,,
28/08/2023,7.86209,,,,,,,
29/08/2023,7.86456,,,,,,,
30/08/2023,7.86564,,,,,,,
31/08/2023,7.87154,,,,,,,
1/9/2023,7.87138,,,,,,,
2/9/2023,7.87138,,,,,,,
3/9/2023,7.87138,,,,,,,
4/9/2023,7.86255,,,,,,,
5/9/2023,7.87296,,,,,,,
6/9/2023,7.86522,,,,,,,
7/9/2023,7.86869,,,,,,,
8/9/2023,7.87425,,,,,,,
9/9/2023,7.87425,,,,,,,
10/9/2023,7.87425,,,,,,,
11/9/2023,7.86798,,,,,,,
12/9/2023,7.86925,,,,,,,
13/09/2023,7.87316,,,,,,,
14/09/2023,7.87117,,,,,,,
15/09/2023,7.87117,,,,,,,
16/09/2023,7.87117,,,,,,,
17/09/2023,7.87117,,,,,,,
18/09/2023,7.8674,,,,,,,
19/09/2023,7.8655,,,,,,,
20/09/2023,7.86598,,,,,,,
21/09/2023,7.86641,,,,,,,
22/09/2023,7.86623,,,,,,,
23/09/2023,7.86623,,,,,,,
24/09/2023,7.86623,,,,,,,
25/09/2023,7.86259,,,,,,,
26/09/2023,7.85984,,,,,,,
27/09/2023,7.86021,,,,,,,
28/09/2023,7.85906,,,,,,,
29/09/2023,7.85833,,,,,,,
30/09/2023,7.85833,,,,,,,
1/10/2023,7.85833,,,,,,,
2/10/2023,7.85164,,,,,,,
3/10/2023,7.84984,,,,,,,
4/10/2023,7.85072,,,,,,,
5/10/2023,7.84522,,,,,,,
6/10/2023,7.84518,,,,,,,
7/10/2023,7.84518,,,,,,,
8/10/2023,7.84518,,,,,,,
9/10/2023,7.84317,,,,,,,
10/10/2023,7.85032,,,,,,,
11/10/2023,7.84107,,,,,,,
12/10/2023,7.84107,,,,,,,
13/10/2023,7.84314,,,,,,,
14/10/2023,7.84314,,,,,,,
15/10/2023,7.84314,,,,,,,
16/10/2023,7.83895,,,,,,,
17/10/2023,7.84116,,,,,,,
18/10/2023,7.84075,,,,,,,
19/10/2023,7.83984,,,,,,,
20/10/2023,7.83984,,,,,,,
21/10/2023,7.83984,,,,,,,
22/10/2023,7.83984,,,,,,,
23/10/2023,7.83653,,,,,,,
24/10/2023,7.83386,,,,,,,
25/10/2023,7.83807,,,,,,,
26/10/2023,7.84253,,,,,,,
27/10/2023,7.84232,,,,,,,
28/10/2023,7.84232,,,,,,,
29/10/2023,7.84232,,,,,,,
30/10/2023,7.83714,,,,,,,
31/10/2023,7.83252,,,,,,,
1/11/2023,7.83252,,,,,,,
2/11/2023,7.8322,,,,,,,
3/11/2023,7.83155,,,,,,,
4/11/2023,7.83155,,,,,,,
5/11/2023,7.83155,,,,,,,
6/11/2023,7.82741,,,,,,,
7/11/2023,7.82629,,,,,,,
8/11/2023,7.82423,,,,,,,
9/11/2023,7.82695,,,,,,,
10/11/2023,7.82558,,,,,,,
11/11/2023,7.82558,,,,,,,
12/11/2023,7.82558,,,,,,,
13/11/2023,7.82473,,,,,,,
14/11/2023,7.82179,,,,,,,
15/11/2023,7.82751,,,,,,,
16/11/2023,7.82592,,,,,,,
17/11/2023,7.82871,,,,,,,
18/11/2023,7.82871,,,,,,,
19/11/2023,7.82871,,,,,,,
20/11/2023,7.82311,,,,,,,
21/11/2023,7.82524,,,,,,,
22/11/2023,7.82627,,,,,,,
23/11/2023,7.82738,,,,,,,
24/11/2023,7.82859,,,,,,,
25/11/2023,7.82859,,,,,,,
26/11/2023,7.82859,,,,,,,
27/11/2023,7.82568,,,,,,,
28/11/2023,7.82371,,,,,,,
29/11/2023,7.82878,,,,,,,
30/11/2023,7.82836,,,,,,,
1/12/2023,7.82702,,,,,,,
2/12/2023,7.82702,,,,,,,
3/12/2023,7.82702,,,,,,,
4/12/2023,7.823,,,,,,,
5/12/2023,7.8243,,,,,,,
6/12/2023,7.82262,,,,,,,
7/12/2023,7.82636,,,,,,,
8/12/2023,7.82393,,,,,,,
9/12/2023,7.82393,,,,,,,
10/12/2023,7.82393,,,,,,,
11/12/2023,7.82128,,,,,,,
12/12/2023,7.82288,,,,,,,
13/12/2023,7.82022,,,,,,,
14/12/2023,7.82158,,,,,,,
15/12/2023,7.82399,,,,,,,
16/12/2023,7.82399,,,,,,,
17/12/2023,7.82399,,,,,,,
18/12/2023,7.82053,,,,,,,
19/12/2023,7.81987,,,,,,,
20/12/2023,7.81999,,,,,,,
21/12/2023,7.82248,,,,,,,
22/12/2023,7.82434,,,,,,,
23/12/2023,7.82434,,,,,,,
24/12/2023,7.82434,,,,,,,
25/12/2023,7.82434,,,,,,,
26/12/2023,7.83014,,,,,,,
27/12/2023,7.8235,,,,,,,
28/12/2023,7.82702,,,,,,,
29/12/2023,7.82702,,,,,,,
30/12/2023,7.82702,,,,,,,
31/12/2023,7.82702,,,,,,,
1/1/2024,7.82702,,,,,,,
2/1/2024,7.82481,,,,,,,
3/1/2024,7.82445,,,,,,,
4/1/2024,7.82409,,,,,,,
5/1/2024,7.82322,,,,,,,
6/1/2024,7.82322,,,,,,,
7/1/2024,7.82322,,,,,,,
8/1/2024,7.81941,,,,,,,
9/1/2024,7.81686,,,,,,,
10/1/2024,7.82016,,,,,,,
11/1/2024,7.81767,,,,,,,
12/1/2024,7.82083,,,,,,,
13/01/2024,7.82083,,,,,,,
14/01/2024,7.82083,,,,,,,
15/01/2024,7.81224,,,,,,,
16/01/2024,7.81402,,,,,,,
17/01/2024,7.81651,,,,,,,
18/01/2024,7.81988,,,,,,,
19/01/2024,7.81782,,,,,,,
20/01/2024,7.81782,,,,,,,
21/01/2024,7.81782,,,,,,,
22/01/2024,7.81494,,,,,,,
23/01/2024,7.81473,,,,,,,
24/01/2024,7.81578,,,,,,,
25/01/2024,7.8187,,,,,,,
26/01/2024,7.81541,,,,,,,
27/01/2024,7.81541,,,,,,,
28/01/2024,7.81541,,,,,,,
29/01/2024,7.81382,,,,,,,
30/01/2024,7.81142,,,,,,,
31/01/2024,7.81454,,,,,,,
1/2/2024,7.81252,,,,,,,
2/2/2024,7.81323,,,,,,,
3/2/2024,7.81323,,,,,,,
4/2/2024,7.81323,,,,,,,
5/2/2024,7.81166,,,,,,,
6/2/2024,7.81149,,,,,,,
7/2/2024,7.81172,,,,,,,
8/2/2024,7.81098,,,,,,,
9/2/2024,7.80938,,,,,,,
10/2/2024,7.80938,,,,,,,
11/2/2024,7.80938,,,,,,,
12/2/2024,7.80661,,,,,,,
13/02/2024,7.80679,,,,,,,
14/02/2024,7.8062,,,,,,,
15/02/2024,7.80652,,,,,,,
16/02/2024,7.81128,,,,,,,
17/02/2024,7.81128,,,,,,,
18/02/2024,7.81128,,,,,,,
19/02/2024,7.8033,,,,,,,
20/02/2024,7.81046,,,,,,,
21/02/2024,7.81151,,,,,,,
22/02/2024,7.81327,,,,,,,
23/02/2024,7.81274,,,,,,,
24/02/2024,7.81274,,,,,,,
25/02/2024,7.81274,,,,,,,
26/02/2024,7.80942,,,,,,,
27/02/2024,7.81045,,,,,,,
28/02/2024,7.81473,,,,,,,
29/02/2024,7.81768,,,,,,,
1/3/2024,7.81835,,,,,,,
2/3/2024,7.81835,,,,,,,
3/3/2024,7.81835,,,,,,,
4/3/2024,7.80899,,,,,,,
5/3/2024,7.80618,,,,,,,
6/3/2024,7.81174,,,,,,,
7/3/2024,7.80744,,,,,,,
8/3/2024,7.80954,,,,,,,
9/3/2024,7.80954,,,,,,,
10/3/2024,7.80954,,,,,,,
11/3/2024,7.80453,,,,,,,
12/3/2024,7.80502,,,,,,,
13/03/2024,7.80439,,,,,,,
14/03/2024,7.80143,,,,,,,
15/03/2024,7.80777,,,,,,,
16/03/2024,7.80777,,,,,,,
17/03/2024,7.80777,,,,,,,
18/03/2024,7.80118,,,,,,,
19/03/2024,7.79934,,,,,,,
20/03/2024,7.79631,,,,,,,
21/03/2024,7.79873,,,,,,,
22/03/2024,7.80164,,,,,,,
23/03/2024,7.80164,,,,,,,
24/03/2024,7.80164,,,,,,,
25/03/2024,7.79277,,,,,,,
26/03/2024,7.79012,,,,,,,
27/03/2024,7.79165,,,,,,,
28/03/2024,7.79165,,,,,,,
29/03/2024,7.79165,,,,,,,
30/03/2024,7.79165,,,,,,,
31/03/2024,7.79165,,,,,,,
1/4/2024,7.79234,,,,,,,
2/4/2024,7.78814,,,,,,,
3/4/2024,7.79092,,,,,,,
4/4/2024,7.78751,,,,,,,
5/4/2024,7.7854,,,,,,,
6/4/2024,7.7854,,,,,,,
7/4/2024,7.7854,,,,,,,
8/4/2024,7.78505,,,,,,,
9/4/2024,7.77785,,,,,,,
10/4/2024,7.78365,,,,,,,
11/4/2024,7.78253,,,,,,,
12/4/2024,7.77944,,,,,,,
13/04/2024,7.77944,,,,,,,
14/04/2024,7.77944,,,,,,,
15/04/2024,7.77181,,,,,,,
16/04/2024,7.77527,,,,,,,
17/04/2024,7.77342,,,,,,,
18/04/2024,7.77951,,,,,,,
19/04/2024,7.77815,,,,,,,
20/04/2024,7.77815,,,,,,,
21/04/2024,7.77815,,,,,,,
22/04/2024,7.77084,,,,,,,
23/04/2024,7.77111,,,,,,,
24/04/2024,7.78057,,,,,,,
25/04/2024,7.7753,,,,,,,
26/04/2024,7.77641,,,,,,,
27/04/2024,7.77641,,,,,,,
28/04/2024,7.77641,,,,,,,
29/04/2024,7.77011,,,,,,,
30/04/2024,7.77182,,,,,,,
1/5/2024,7.77182,,,,,,,
2/5/2024,7.7732,,,,,,,
3/5/2024,7.77465,,,,,,,
4/5/2024,7.77465,,,,,,,
5/5/2024,7.77465,,,,,,,
6/5/2024,7.76736,,,,,,,
7/5/2024,7.76738,,,,,,,
8/5/2024,7.76697,,,,,,,
9/5/2024,7.76473,,,,,,,
10/5/2024,7.76748,,,,,,,
11/5/2024,7.76748,,,,,,,
12/5/2024,7.76748,,,,,,,
13/05/2024,7.76288,,,,,,,
14/05/2024,7.76071,,,,,,,
15/05/2024,7.76407,,,,,,,
16/05/2024,7.77139,,,,,,,
17/05/2024,7.76584,,,,,,,
18/05/2024,7.76584,,,,,,,
19/05/2024,7.76584,,,,,,,
20/05/2024,7.75929,,,,,,,
21/05/2024,7.76599,,,,,,,
22/05/2024,7.76775,,,,,,,
23/05/2024,7.76412,,,,,,,
24/05/2024,7.77052,,,,,,,
25/05/2024,7.77052,,,,,,,
26/05/2024,7.77052,,,,,,,
27/05/2024,7.76498,,,,,,,
28/05/2024,7.7674,,,,,,,
29/05/2024,7.77129,,,,,,,
30/05/2024,7.76909,,,,,,,
31/05/2024,7.76756,,,,,,,
1/6/2024,7.76756,,,,,,,
2/6/2024,7.76756,,,,,,,
3/6/2024,7.76374,,,,,,,
4/6/2024,7.7685,,,,,,,
5/6/2024,7.76761,,,,,,,
6/6/2024,7.76844,,,,,,,
7/6/2024,7.76638,,,,,,,
8/6/2024,7.76638,,,,,,,
9/6/2024,7.76638,,,,,,,
10/6/2024,7.76241,,,,,,,
11/6/2024,7.76323,,,,,,,
12/6/2024,7.7621,,,,,,,
